fac_colocacion_skey,fecha_cierre_skey,cliente_skey,producto_skey,prestamo_skey,agencia_skey,riesgo_skey,saldo_capital,dias_mora,capital_vencido,monto_provision,prob_incumplimiento,perdida_incumplimiento
1,23,87,2,895,3,5,4246.82,71,3519.08,1759.54,0.72675,0.45077
2,12,163,1,392,9,2,2418.26,171,4426.19,2213.095,0.59592,0.73712
3,79,103,2,23,5,3,2730.75,59,4811.99,2405.995,0.78801,0.15667
4,58,80,2,947,5,2,2561.71,126,1009.95,504.975,0.04094,0.50094
5,54,27,2,651,4,1,2863.57,93,1396.84,698.42,0.88578,0.91997
6,20,76,1,257,2,2,1051.63,114,1036.2,518.1,0.84757,0.80633
7,4,172,1,970,5,3,4883.98,113,1257.63,628.815,0.8881,0.14019
8,73,18,3,94,8,5,1737.19,126,2990.49,1495.245,0.40315,0.60216
9,89,99,2,487,4,2,4342.87,105,3144.04,1572.02,0.11527,0.02168
10,27,119,3,130,9,5,1106.75,64,4368.36,2184.18,0.45974,0.24737
11,40,165,1,82,8,5,1998.73,138,3011.01,1505.505,0.88698,0.68849
12,93,2,1,450,1,4,4650.28,109,1400.67,700.335,0.56859,0.91979
13,55,124,1,169,4,2,3649.22,10,1976.23,988.115,0.46886,0.93349
14,86,191,1,470,10,4,4176.96,167,4962.78,2481.39,0.4748,0.52722
15,3,51,1,659,3,3,3100.36,187,4482.94,2241.47,0.55715,0.4926
16,51,133,1,345,9,2,2052.8,172,1653.06,826.53,0.34434,0.60721
17,17,3,2,735,2,2,4164.01,40,1580.99,790.495,0.2017,0.77699
18,7,102,3,302,4,5,1007.66,25,2686.2,1343.1,0.48445,0.04402
19,45,28,1,185,2,5,3652.91,94,3601.1,1800.55,0.29267,0.81051
20,71,49,2,578,7,4,3407.77,148,1700.65,850.325,0.40067,0.83936
21,78,127,3,631,2,2,2298.01,79,4169.23,2084.615,0.1976,0.54642
22,44,104,1,335,7,5,4476.09,67,3352.51,1676.255,0.73046,0.70694
23,80,119,2,766,7,4,2641.25,109,1064.34,532.17,0.12905,0.33648
24,83,2,3,991,3,2,2170.58,147,2511.4,1255.7,0.95544,0.20163
25,21,60,2,716,9,5,1081.61,52,3164.01,1582.005,0.69218,0.46419
26,100,107,3,547,5,2,4486.71,112,4265.2,2132.6,0.06739,0.3282
27,91,14,2,554,5,4,4469.77,24,2910.62,1455.31,0.21359,0.36932
28,17,137,2,242,7,5,2066.6,123,4160.12,2080.06,0.11454,0.76127
29,23,80,2,465,3,1,2444.97,110,2075.15,1037.575,0.41105,0.17165
30,41,102,2,417,8,1,3586.14,82,2035.24,1017.62,0.49231,0.75919
31,3,13,1,601,9,3,1344.2,28,2249.26,1124.63,0.07117,0.50325
32,85,33,1,38,10,4,3447.17,96,1061.61,530.805,0.10499,0.8992
33,73,61,3,134,10,1,2545.87,88,1521.83,760.915,0.8921,0.15135
34,53,160,2,859,10,2,3211.41,35,2496.57,1248.285,0.71249,0.06481
35,77,30,1,361,4,2,3840.94,164,2726.34,1363.17,0.37939,0.35867
36,60,150,1,596,4,5,3707.37,21,3274.21,1637.105,0.70385,0.64144
37,63,152,3,238,4,3,4313.52,73,2902.54,1451.27,0.31398,0.72291
38,41,159,2,898,6,3,4061.69,158,2071.87,1035.935,0.60959,0.50836
39,18,141,3,539,6,1,3747.3,16,3505.32,1752.66,0.98602,0.67597
40,41,162,2,788,2,1,3358.04,103,3297.13,1648.565,0.52982,0.63274
41,80,23,3,26,9,4,4650.27,65,3755.98,1877.99,0.20963,0.32281
42,52,108,3,254,9,4,4773.32,89,2757.88,1378.94,0.03467,0.96021
43,30,121,2,91,9,3,3367.04,16,4201.96,2100.98,0.24092,0.29026
44,88,93,3,147,7,4,3429.43,179,4952.39,2476.195,0.41264,0.04479
45,34,123,3,120,6,3,1629.07,99,4028.14,2014.07,0.24942,0.02111
46,86,138,3,219,10,5,2698.62,121,4241.8,2120.9,0.10977,0.13379
47,56,53,1,176,8,3,3915.25,162,1609.66,804.83,0.29289,0.9
48,87,189,3,199,10,4,2805.13,114,4393.35,2196.675,0.54486,0.93835
49,64,48,2,232,3,4,2320.71,113,4983.4,2491.7,0.12704,0.05589
50,43,108,3,608,9,3,1163.72,3,1646.93,823.465,0.03479,0.91025
51,80,157,1,177,10,1,2498.61,103,4477.53,2238.765,0.73272,0.93354
52,31,164,2,274,6,4,2859.94,75,1957.67,978.835,0.58909,0.52773
53,50,192,2,442,6,4,2663.14,79,3289.08,1644.54,0.78047,0.04169
54,97,111,1,518,10,5,3825.77,173,1307.46,653.73,0.99322,0.56996
55,10,122,3,855,4,4,4473.38,158,2739.4,1369.7,0.15882,0.84562
56,25,27,3,492,10,5,1969.76,37,4626.22,2313.11,0.64568,0.15298
57,58,52,2,87,1,3,1001.09,145,2906.62,1453.31,0.12141,0.34743
58,13,127,1,979,9,1,4487.18,89,2139.92,1069.96,0.76077,0.10735
59,91,49,1,171,2,1,1857.91,177,4494.46,2247.23,0.33292,0.42376
60,98,122,3,565,2,5,2412.66,80,4041.73,2020.865,0.18713,0.65271
61,45,185,2,223,2,2,4886.05,56,4046.35,2023.175,0.6108,0.0501
62,9,141,3,414,10,4,3840.44,171,1652.84,826.42,0.58235,0.10933
63,15,195,3,579,5,5,1111.68,158,4837.54,2418.77,0.68901,0.69667
64,1,112,1,380,5,5,1449.25,102,2373.18,1186.59,0.93919,0.76638
65,67,132,1,154,1,4,2538.98,71,3793.06,1896.53,0.99679,0.38856
66,66,183,3,210,9,2,4951.36,65,2735.46,1367.73,0.33093,0.96065
67,16,127,1,933,6,3,4280.64,71,1564.29,782.145,0.69185,0.91934
68,38,10,3,813,9,1,1019.12,9,1328.58,664.29,0.81606,0.59812
69,64,45,1,307,5,4,2865.72,124,2984.18,1492.09,0.43464,0.79508
70,7,21,3,963,4,2,3333.33,149,3903.3,1951.65,0.79469,0.79507
71,16,181,3,734,5,3,4434.32,74,2524.94,1262.47,0.88828,0.13655
72,66,63,2,998,5,1,3693.41,36,2206.86,1103.43,0.68436,0.68347
73,98,90,3,720,10,3,1125.31,93,2654.96,1327.48,0.21058,0.09218
74,85,156,1,390,7,4,1784.84,55,4606.65,2303.325,0.43091,0.64743
75,79,161,1,919,2,3,1563.94,85,2477.59,1238.795,0.41834,0.90915
76,95,50,2,196,6,1,2493.93,81,1487.26,743.63,0.47839,0.87311
77,78,15,2,749,8,1,1071.56,2,2725.06,1362.53,0.48541,0.90038
78,63,63,2,142,8,2,4729.63,182,3890.55,1945.275,0.38743,0.69191
79,41,130,1,833,5,4,1109.22,125,1798.23,899.115,0.23585,0.08856
80,10,133,2,642,5,3,3028.79,123,1260.97,630.485,0.33462,0.51268
81,16,51,3,594,1,2,1103.7,148,1574.92,787.46,0.6189,0.06399
82,85,86,3,194,10,1,2381.52,81,3516.25,1758.125,0.25125,0.29734
83,15,179,2,798,7,4,4311.21,189,2439.26,1219.63,0.22192,0.53417
84,15,105,1,891,3,2,3271.75,141,2287.01,1143.505,0.05759,0.64347
85,92,150,2,558,10,1,3384.16,156,3663.96,1831.98,0.42975,0.82519
86,86,189,2,237,6,2,4998.2,109,4356.13,2178.065,0.95404,0.64704
87,20,149,3,831,8,1,3854.03,44,1925.33,962.665,0.92027,0.23723
88,92,2,1,283,5,1,3281.72,89,2060.74,1030.37,0.07897,0.38166
89,12,145,1,562,1,3,1865.77,10,4031.56,2015.78,0.10822,0.25983
90,31,74,3,248,8,4,4336.63,125,2733.9,1366.95,0.82307,0.40229
91,25,75,2,269,6,4,1521.1,170,2842.55,1421.275,0.38277,0.88955
92,2,136,2,991,1,3,4512.97,38,3858.24,1929.12,0.6188,0.68817
93,40,116,1,784,7,2,4422.43,95,4517.67,2258.835,0.36317,0.42792
94,88,77,3,114,2,4,1769.49,1,2035.17,1017.585,0.62555,0.19777
95,20,168,3,739,10,2,3187.94,15,3748.08,1874.04,0.39087,0.37364
96,8,9,3,713,1,5,1641.13,166,1738.21,869.105,0.05724,0.10143
97,94,193,1,29,2,2,4995.4,69,2578.8,1289.4,0.66245,0.68158
98,80,15,1,842,2,2,3672.8,133,2612.01,1306.005,0.96664,0.66983
99,83,99,2,987,2,5,2175.86,116,3219.93,1609.965,0.56204,0.50603
100,53,147,3,630,2,5,1542.02,93,3246.87,1623.435,0.03868,0.8592
101,41,93,2,328,2,3,4423.95,111,1207.05,603.525,0.52405,0.06036
102,75,187,2,274,10,2,4261.82,165,1598.8,799.4,0.37326,0.6004
103,20,195,2,641,1,3,1017.38,116,4962.53,2481.265,0.65859,0.17387
104,87,53,2,717,9,1,3103.13,169,2374.73,1187.365,0.37533,0.57643
105,8,110,1,675,10,1,2121.85,39,4001.85,2000.925,0.1156,0.50619
106,65,180,2,165,8,4,1800.95,17,1936.84,968.42,0.25654,0.45461
107,81,62,3,824,9,3,1681.44,10,4017.16,2008.58,0.58566,0.13098
108,3,166,1,464,2,3,1518.87,24,4417.15,2208.575,0.28091,0.65357
109,60,164,3,478,8,1,1453.94,99,2390.5,1195.25,0.94327,0.29408
110,83,107,3,738,8,5,3198.46,87,2592.7,1296.35,0.73453,0.44896
111,95,45,1,542,7,2,2224.42,103,2759.58,1379.79,0.5888,0.57663
112,16,30,3,30,7,1,4575.47,5,3788.77,1894.385,0.12228,0.03468
113,45,63,1,132,4,5,2723.6,96,2339.29,1169.645,0.26769,0.8289
114,54,158,3,723,8,5,2120.25,129,4961.59,2480.795,0.4281,0.56899
115,93,162,3,166,7,2,3689.87,138,1784.43,892.215,0.27722,0.2804
116,19,139,3,684,3,3,2993.68,67,1224.15,612.075,0.10096,0.7194
117,15,35,3,61,1,4,3612.9,75,1739.88,869.94,0.1133,0.40417
118,75,177,2,431,9,3,1075.23,4,3517.15,1758.575,0.99479,0.03266
119,90,52,3,814,6,5,2131.27,106,3335.84,1667.92,0.07996,0.93999
120,17,48,3,277,6,1,3781.79,19,1316.31,658.155,0.33405,0.96131
121,65,160,1,157,9,2,4491.26,147,1702.81,851.405,0.47068,0.44267
122,57,29,2,125,6,5,3316.17,78,2030.23,1015.115,0.0362,0.28126
123,93,8,3,755,9,2,1572.92,177,4473.83,2236.915,0.5239,0.92035
124,83,128,1,701,6,5,2844.4,146,2173.05,1086.525,0.64761,0.14347
125,88,44,3,628,2,1,3647.61,37,2387.82,1193.91,0.33845,0.3431
126,76,70,3,322,1,2,3115.4,186,1232.76,616.38,0.49835,0.46716
127,52,96,2,392,6,3,3965.25,119,4380.85,2190.425,0.73606,0.76585
128,69,166,3,69,5,3,3812.84,43,4505.58,2252.79,0.98104,0.68271
129,38,167,3,717,10,1,1331.31,83,2483.07,1241.535,0.8478,0.7553
130,41,65,2,288,3,2,3887.64,13,4447.82,2223.91,0.27289,0.1805
131,56,58,3,735,3,5,2504.07,40,3030.48,1515.24,0.69697,0.59462
132,44,18,3,187,5,2,2209.83,110,1284.06,642.03,0.72581,0.54305
133,7,147,2,616,7,3,2742.25,130,3546.24,1773.12,0.80511,0.54757
134,79,157,3,117,9,1,2649.13,121,4774.34,2387.17,0.97492,0.94086
135,56,133,1,108,8,2,2477.34,117,3544.17,1772.085,0.95979,0.69554
136,97,52,3,752,10,4,3780.94,102,4674.18,2337.09,0.88746,0.15799
137,66,2,3,913,5,5,3677.92,53,4073.95,2036.975,0.14513,0.3303
138,23,8,3,306,2,1,3129.39,135,1944.47,972.235,0.45291,0.46029
139,79,93,1,931,4,5,3291.7,8,4398.13,2199.065,0.27846,0.24984
140,96,85,2,937,1,1,1268.33,139,3986.33,1993.165,0.52346,0.3499
141,26,148,1,121,5,1,1560.75,65,1764.27,882.135,0.49261,0.34776
142,73,22,2,642,6,1,4582.6,85,4473.46,2236.73,0.08124,0.43679
143,71,84,2,423,4,5,3281.08,92,3500.24,1750.12,0.67317,0.01656
144,75,80,3,148,2,1,4096.55,138,2415.22,1207.61,0.52281,0.4579
145,93,74,2,565,5,2,2400.61,170,4490.92,2245.46,0.28348,0.43665
146,96,101,2,462,10,1,3062.42,6,1680.42,840.21,0.49614,0.38553
147,43,44,2,263,10,3,4044.59,39,3950.77,1975.385,0.47689,0.49312
148,1,177,3,335,8,1,3217.74,112,4219.67,2109.835,0.24444,0.58397
149,60,172,3,78,4,2,2841.64,57,4625.23,2312.615,0.48737,0.81551
150,11,155,2,5,10,1,1660.06,25,4345.49,2172.745,0.87804,0.67958
151,88,63,2,417,6,3,2924.15,75,3759.36,1879.68,0.50679,0.61736
152,27,156,1,729,8,3,4203.43,52,1677.79,838.895,0.25803,0.05071
153,8,170,3,372,5,3,1189.74,106,4930.06,2465.03,0.81151,0.24706
154,88,107,1,234,6,1,3831.7,105,3223.08,1611.54,0.4258,0.50546
155,72,14,2,128,10,1,3393.1,189,3839.47,1919.735,0.09795,0.95507
156,15,179,3,519,4,2,4842.67,166,2024.68,1012.34,0.01245,0.16798
157,45,11,2,824,6,3,1398.57,99,2085.95,1042.975,0.62757,0.41463
158,8,13,1,895,1,3,3983.29,115,4007.95,2003.975,0.5435,0.20178
159,55,130,3,925,4,3,4619.26,25,1099.31,549.655,0.18234,0.28223
160,24,174,1,721,2,5,4344.12,101,3214.43,1607.215,0.02299,0.9299
161,90,140,1,733,8,4,2729.44,180,2336.53,1168.265,0.14248,0.88023
162,57,137,3,987,4,2,1327.63,164,1226.42,613.21,0.28152,0.10377
163,65,194,1,1000,6,2,1577.74,150,4790.93,2395.465,0.07834,0.106
164,78,21,1,922,2,2,1884.96,86,2240.31,1120.155,0.65168,0.19516
165,64,73,2,507,3,1,2093.64,116,1395.54,697.77,0.35607,0.79711
166,92,83,2,238,9,5,2525.9,178,1054.72,527.36,0.63962,0.16853
167,83,99,2,738,5,4,1236.56,40,1930.63,965.315,0.21288,0.485
168,15,116,2,389,9,5,4710.06,102,1840.63,920.315,0.59945,0.45304
169,55,124,3,363,2,1,3633.59,29,1966.39,983.195,0.28874,0.6447
170,84,30,2,828,9,1,1701.0,47,2539.01,1269.505,0.11601,0.24481
171,34,91,2,737,2,2,4607.53,177,1934.66,967.33,0.77805,0.10778
172,54,141,1,435,8,1,4120.27,4,3296.24,1648.12,0.83971,0.34614
173,29,34,3,904,5,5,2694.56,107,2661.99,1330.995,0.15265,0.80533
174,37,113,2,86,8,1,1120.76,21,4759.16,2379.58,0.02303,0.36234
175,73,66,2,670,6,5,3088.35,16,2298.01,1149.005,0.96902,0.72437
176,7,166,1,88,5,1,3139.4,195,4558.35,2279.175,0.09168,0.51938
177,14,33,1,853,3,4,3099.86,118,2430.26,1215.13,0.62385,0.20033
178,57,13,1,168,2,3,4754.37,110,3118.06,1559.03,0.68375,0.14236
179,27,6,3,418,10,2,1429.17,94,2217.82,1108.91,0.31862,0.01504
180,18,180,1,915,4,1,4386.92,159,1186.5,593.25,0.74248,0.32352
181,35,28,2,767,2,4,3001.2,188,2707.05,1353.525,0.44078,0.73871
182,38,51,3,7,2,4,1658.31,81,4046.62,2023.31,0.91474,0.20663
183,76,4,3,264,5,2,1340.04,24,2785.62,1392.81,0.68718,0.43777
184,3,106,1,783,4,2,3935.83,29,3520.56,1760.28,0.00801,0.03667
185,26,35,3,796,6,2,4517.71,42,2408.28,1204.14,0.16824,0.15526
186,91,45,3,72,2,1,4175.79,46,2808.28,1404.14,0.35219,0.35111
187,9,52,1,958,3,2,2292.04,126,3299.56,1649.78,0.50395,0.76389
188,89,175,1,884,7,4,1121.89,69,4149.06,2074.53,0.05057,0.25049
189,53,178,1,603,4,5,1330.2,59,3402.91,1701.455,0.86213,0.18494
190,49,55,3,664,4,5,1389.99,167,4033.72,2016.86,0.07406,0.29854
191,85,162,3,74,4,3,4726.5,44,1200.13,600.065,0.25814,0.83959
192,78,1,2,625,1,5,3473.48,163,1842.52,921.26,0.5276,0.75391
193,24,168,1,679,2,5,2508.88,175,4623.54,2311.77,0.76305,0.23873
194,83,103,2,225,5,5,3350.71,32,4154.88,2077.44,0.78999,0.78202
195,20,47,2,949,5,5,2817.66,27,3787.97,1893.985,0.32637,0.76458
196,15,66,1,474,4,4,2001.83,68,2465.62,1232.81,0.273,0.85148
197,75,158,3,933,1,1,1444.69,171,3201.81,1600.905,0.23719,0.21475
198,51,124,2,693,8,3,1170.65,62,3263.85,1631.925,0.5583,0.74082
199,62,8,1,606,7,4,4061.06,182,1741.1,870.55,0.85152,0.40934
200,3,124,2,57,3,4,3051.16,2,3671.63,1835.815,0.99778,0.65762
201,40,129,1,16,8,5,4861.21,176,3235.6,1617.8,0.41122,0.36982
202,91,153,1,65,10,5,2542.33,129,4313.77,2156.885,0.41482,0.87374
203,45,138,1,624,1,5,3526.47,161,1812.36,906.18,0.58667,0.1441
204,65,58,2,990,1,3,3762.39,197,3043.8,1521.9,0.54385,0.26704
205,7,129,3,965,10,2,1801.82,64,4742.08,2371.04,0.04318,0.15719
206,75,157,1,513,1,3,4486.52,182,4038.5,2019.25,0.00229,0.547
207,67,120,1,603,2,3,3779.68,102,1390.95,695.475,0.26408,0.57437
208,27,45,1,122,7,1,3268.35,123,1713.9,856.95,0.76801,0.0819
209,94,17,3,181,8,3,3664.73,75,2993.6,1496.8,0.47832,0.36321
210,96,110,3,941,3,1,4038.65,43,2746.85,1373.425,0.10672,0.01657
211,25,40,1,608,5,1,2142.09,148,4665.34,2332.67,0.1041,0.97093
212,63,160,3,640,10,3,4740.73,163,4942.04,2471.02,0.24271,0.78268
213,7,118,2,36,5,4,4837.45,22,3961.45,1980.725,0.5616,0.07056
214,98,109,3,266,4,1,1662.46,156,2667.17,1333.585,0.51161,0.42597
215,87,31,3,326,8,1,3291.42,110,4343.8,2171.9,0.68508,0.26232
216,72,96,2,827,7,5,3606.46,24,2756.9,1378.45,0.26107,0.59859
217,11,10,2,510,7,1,3308.46,7,4206.5,2103.25,0.9271,0.95216
218,71,90,2,814,10,1,2607.04,82,1295.22,647.61,0.39602,0.63425
219,96,148,2,314,8,2,2458.91,95,3676.27,1838.135,0.60802,0.12299
220,34,136,3,102,2,2,3920.92,105,2062.3,1031.15,0.95495,0.97222
221,62,186,1,954,4,3,4944.35,77,1317.17,658.585,0.09562,0.22123
222,44,33,1,560,3,3,1970.35,159,3549.75,1774.875,0.57855,0.875
223,55,87,2,878,2,2,2931.85,194,3022.77,1511.385,0.37308,0.73738
224,79,117,1,593,4,1,2865.57,152,1384.1,692.05,0.9152,0.38212
225,71,150,2,216,9,3,4409.6,30,4140.83,2070.415,0.01971,0.29944
226,60,112,2,156,8,4,2315.5,44,3519.1,1759.55,0.3852,0.40832
227,18,39,3,622,6,5,1706.86,44,3549.95,1774.975,0.82852,0.6822
228,3,11,3,455,2,1,4714.06,69,3750.35,1875.175,0.70169,0.04364
229,16,139,1,331,8,2,1975.55,108,1431.3,715.65,0.63382,0.20019
230,37,25,1,909,8,1,2897.47,168,2925.27,1462.635,0.69689,0.84509
231,13,53,1,151,4,5,1553.72,130,3986.1,1993.05,0.83989,0.31052
232,38,174,3,858,5,2,1472.54,32,2080.11,1040.055,0.88861,0.36299
233,3,140,1,664,2,3,4808.0,65,1470.26,735.13,0.35896,0.16018
234,18,37,2,107,2,3,3324.72,148,2975.97,1487.985,0.66117,0.87395
235,32,35,2,677,7,4,1565.51,12,4162.22,2081.11,0.10184,0.72165
236,58,7,3,531,8,3,4724.82,15,4460.48,2230.24,0.8477,0.66524
237,10,35,3,740,2,3,3468.21,73,1730.3,865.15,0.95196,0.44577
238,18,6,1,336,4,4,1835.08,8,3253.15,1626.575,0.26658,0.30491
239,29,135,3,153,8,3,1125.57,70,3606.39,1803.195,0.58511,0.70524
240,38,174,2,305,5,2,1088.98,36,4055.91,2027.955,0.32696,0.7497
241,60,53,2,67,6,3,2596.45,45,3840.36,1920.18,0.37823,0.9039
242,55,36,1,632,4,4,1142.39,75,1730.03,865.015,0.35352,0.12367
243,100,108,2,277,10,5,1722.41,53,2855.8,1427.9,0.01113,0.59168
244,84,76,1,494,7,1,2951.63,47,4912.47,2456.235,0.96753,0.90431
245,15,83,2,333,8,5,3381.43,66,3424.01,1712.005,0.62823,0.16961
246,25,47,3,868,9,5,1393.7,77,2743.64,1371.82,0.99134,0.96555
247,76,144,1,154,3,1,1686.98,111,1984.68,992.34,0.44394,0.75534
248,17,19,1,308,7,4,4216.51,152,4578.04,2289.02,0.43974,0.82313
249,23,135,2,263,3,2,3748.22,98,3732.19,1866.095,0.67836,0.71028
250,13,105,3,369,1,1,4741.2,11,1397.94,698.97,0.68172,0.79203
251,94,164,1,625,8,5,4763.72,173,3368.99,1684.495,0.28441,0.24534
252,79,88,1,759,1,3,4880.99,27,2014.07,1007.035,0.70877,0.64544
253,31,44,2,589,8,2,4955.58,12,1522.04,761.02,0.74767,0.42363
254,4,132,1,5,3,1,4317.96,12,4545.76,2272.88,0.56945,0.93458
255,57,101,2,783,7,2,1874.53,32,1390.39,695.195,0.86999,0.70467
256,100,93,3,551,4,4,1847.94,197,4658.43,2329.215,0.35318,0.51448
257,98,66,3,372,3,4,1204.41,83,4322.02,2161.01,0.30603,0.00815
258,72,146,1,342,6,1,4850.66,160,3793.78,1896.89,0.84778,0.45749
259,80,139,3,471,6,3,4032.61,95,3641.5,1820.75,0.98338,0.73034
260,29,15,3,691,9,2,1370.71,108,4346.47,2173.235,0.25493,0.40239
261,62,136,2,400,8,2,1818.52,33,1613.58,806.79,0.02811,0.69662
262,97,13,2,441,7,5,3141.3,152,2155.05,1077.525,0.85994,0.35448
263,23,144,2,599,1,5,2930.36,135,1546.66,773.33,0.39563,0.31995
264,11,102,1,295,9,5,3450.0,97,3907.5,1953.75,0.70223,0.53932
265,65,175,2,206,4,2,3087.56,188,3081.59,1540.795,0.02209,0.43523
266,57,32,2,454,10,1,3432.46,112,4477.63,2238.815,0.43706,0.92996
267,49,5,2,856,6,2,4350.84,31,2064.9,1032.45,0.65776,0.38877
268,9,120,2,574,4,4,2223.81,72,2403.31,1201.655,0.71528,0.66943
269,29,177,3,916,3,5,3172.94,97,2240.54,1120.27,0.06202,0.1709
270,60,29,1,23,5,2,3015.1,138,3523.96,1761.98,0.90116,0.83083
271,20,171,1,784,8,2,1381.31,176,4118.66,2059.33,0.77803,0.04902
272,7,55,2,58,9,3,4740.43,127,3566.96,1783.48,0.83484,0.77651
273,76,71,1,609,8,5,4362.4,85,4272.6,2136.3,0.85631,0.08595
274,97,97,3,516,5,4,1275.0,147,2189.44,1094.72,0.60746,0.8882
275,12,66,2,504,2,4,3352.14,19,4629.89,2314.945,0.43996,0.15189
276,58,194,2,789,6,3,2405.35,5,4606.99,2303.495,0.08374,0.57763
277,95,23,1,474,2,3,1445.34,20,4720.71,2360.355,0.31338,0.46386
278,87,68,3,346,1,5,4579.42,57,3685.27,1842.635,0.53992,0.8805
279,15,21,2,352,7,3,1765.97,115,4543.9,2271.95,0.75106,0.63804
280,84,172,3,60,7,3,2935.58,187,3853.15,1926.575,0.42161,0.01431
281,1,41,3,468,8,3,1239.1,35,3547.05,1773.525,0.62605,0.96184
282,69,37,3,944,10,4,4569.01,77,3317.48,1658.74,0.81066,0.75971
283,7,142,2,751,7,3,1911.02,9,2193.96,1096.98,0.32887,0.06682
284,32,127,1,15,7,2,3905.97,45,2706.98,1353.49,0.63814,0.07235
285,90,47,3,530,7,3,3167.58,190,2301.94,1150.97,0.31094,0.30169
286,58,86,3,50,5,1,4321.2,26,1128.88,564.44,0.09142,0.42251
287,64,15,2,864,1,5,2108.8,145,4638.9,2319.45,0.52555,0.19421
288,25,164,3,597,5,1,1483.87,191,2664.06,1332.03,0.97972,0.85578
289,89,39,3,392,1,3,1028.15,102,1213.94,606.97,0.65445,0.55099
290,13,177,2,987,3,2,2068.63,19,3561.16,1780.58,0.00947,0.44584
291,63,178,1,152,1,3,3031.81,139,3242.97,1621.485,0.57361,0.8399
292,73,159,3,156,7,2,1253.68,112,2196.88,1098.44,0.63123,0.08839
293,76,4,2,253,9,1,4130.84,128,4965.71,2482.855,0.78537,0.83834
294,35,3,1,981,8,4,4164.85,103,2414.54,1207.27,0.2621,0.57475
295,81,56,2,962,6,1,3303.09,111,2026.74,1013.37,0.25312,0.59614
296,19,3,2,995,8,4,4309.82,23,4645.64,2322.82,0.68832,0.39105
297,92,59,2,673,6,1,2704.04,22,4524.84,2262.42,0.41219,0.18769
298,65,43,2,517,4,2,1190.51,158,3803.79,1901.895,0.22739,0.94914
299,83,131,3,858,1,5,1776.88,51,1651.31,825.655,0.31247,0.32989
300,44,2,1,678,9,2,1561.92,142,3712.77,1856.385,0.49282,0.95599
301,91,22,3,277,7,3,3458.73,112,3773.68,1886.84,0.30387,0.39436
302,89,117,1,495,2,3,4880.0,187,1120.65,560.325,0.20774,0.58487
303,97,119,2,890,10,2,4741.99,168,3713.52,1856.76,0.2933,0.1972
304,88,64,3,696,9,2,1720.02,121,2415.52,1207.76,0.50118,0.50752
305,75,130,3,865,8,3,1450.53,38,2518.35,1259.175,0.63654,0.79541
306,49,1,1,274,2,3,4777.14,107,1208.74,604.37,0.12596,0.34873
307,42,51,1,309,2,1,4221.03,164,1377.82,688.91,0.46824,0.47052
308,78,18,1,864,7,3,2350.04,150,4498.37,2249.185,0.68281,0.20165
309,32,21,2,546,7,4,2913.67,61,4932.44,2466.22,0.56712,0.08979
310,79,178,2,759,8,1,3579.52,59,3783.25,1891.625,0.11907,0.49704
311,51,44,1,953,4,2,3854.72,12,4471.06,2235.53,0.04631,0.67669
312,64,38,1,927,6,1,3285.17,187,4457.78,2228.89,0.24593,0.16555
313,12,117,2,478,7,1,4281.1,114,4655.2,2327.6,0.9269,0.9748
314,49,49,3,73,4,2,4152.11,111,2425.33,1212.665,0.29509,0.10496
315,73,104,2,535,4,4,1621.93,31,1008.51,504.255,0.03344,0.80833
316,50,66,1,248,6,4,2162.95,133,4550.83,2275.415,0.92674,0.00297
317,7,91,1,731,10,1,2965.56,181,2686.35,1343.175,0.76652,0.8843
318,56,110,1,618,4,2,1160.39,51,1448.62,724.31,0.89603,0.13259
319,23,12,2,191,5,1,2282.74,36,4937.86,2468.93,0.80941,0.51572
320,53,62,1,944,1,1,2327.91,144,1010.15,505.075,0.17188,0.70067
321,12,96,1,977,9,3,4705.27,130,3131.1,1565.55,0.10895,0.90573
322,7,22,3,186,1,4,1155.67,83,2787.69,1393.845,0.88773,0.3737
323,79,165,3,587,1,2,1907.16,96,2727.78,1363.89,0.26137,0.08483
324,44,86,1,128,3,4,1736.53,53,1218.88,609.44,0.07979,0.40161
325,49,150,3,134,10,4,4510.78,93,2851.66,1425.83,0.07834,0.27351
326,49,182,2,86,6,1,4693.57,148,4971.69,2485.845,0.2025,0.5732
327,30,24,2,705,8,2,2492.97,90,3063.62,1531.81,0.24244,0.76873
328,36,11,2,90,6,4,1727.52,156,3341.26,1670.63,0.27939,0.29235
329,10,62,3,311,4,4,1342.29,72,3608.29,1804.145,0.08194,0.1187
330,94,36,3,956,7,5,3546.26,75,1695.12,847.56,0.00904,0.15252
331,98,150,1,685,1,4,4260.43,133,1325.56,662.78,0.33245,0.42683
332,5,138,2,154,3,3,3868.35,13,3390.67,1695.335,0.36654,0.61414
333,97,186,2,814,5,3,2213.08,128,3997.99,1998.995,0.47384,0.67053
334,58,172,2,483,2,4,2770.9,41,3169.43,1584.715,0.66254,0.29265
335,69,64,2,333,10,2,3043.81,39,4994.17,2497.085,0.13502,0.31875
336,20,94,3,652,1,3,4810.04,17,4648.45,2324.225,0.17809,0.69782
337,5,31,2,594,7,5,3381.72,127,2539.69,1269.845,0.23752,0.22882
338,46,143,2,433,10,1,3811.41,197,3194.71,1597.355,0.17977,0.94084
339,65,137,3,492,9,2,3433.42,87,2418.55,1209.275,0.103,0.63341
340,63,176,2,189,3,1,4547.71,21,3195.97,1597.985,0.30318,0.58861
341,24,54,2,834,10,4,3096.69,146,2468.22,1234.11,0.92473,0.59469
342,52,148,3,552,10,1,3104.14,106,1090.76,545.38,0.55173,0.55476
343,80,146,2,891,5,4,2877.8,52,4669.34,2334.67,0.71768,0.29017
344,6,24,1,528,8,4,4092.56,105,2081.85,1040.925,0.27326,0.15844
345,3,118,2,78,2,3,2120.79,22,2356.44,1178.22,0.95737,0.664
346,17,14,1,72,3,1,3779.84,75,2455.6,1227.8,0.68245,0.50769
347,94,10,2,338,9,1,1008.51,191,3519.59,1759.795,0.90444,0.32926
348,41,108,2,260,6,2,2031.3,111,3129.15,1564.575,0.30814,0.79974
349,90,65,3,830,9,1,4214.04,141,3653.69,1826.845,0.45426,0.53787
350,25,118,3,832,4,2,3957.54,74,4724.29,2362.145,0.5901,0.30729
351,51,55,2,395,10,2,3541.65,175,4695.71,2347.855,0.62595,0.51211
352,6,95,2,127,5,1,4279.4,13,2071.43,1035.715,0.60288,0.84735
353,21,157,1,698,10,4,2388.14,4,3597.91,1798.955,0.07692,0.4858
354,66,18,1,120,9,4,3713.67,176,4006.8,2003.4,0.53931,0.37125
355,71,37,2,922,5,3,1454.5,86,2489.85,1244.925,0.82028,0.06065
356,77,184,2,596,6,1,3702.73,117,3656.84,1828.42,0.15723,0.63749
357,38,73,3,314,8,3,3550.97,10,4333.5,2166.75,0.37199,0.418
358,78,171,2,253,7,1,1186.46,70,4579.92,2289.96,0.89995,0.79745
359,40,169,2,151,9,1,3178.2,4,3891.64,1945.82,0.52969,0.57524
360,4,52,3,823,9,2,4061.38,81,1529.48,764.74,0.29271,0.76721
361,52,149,2,886,7,5,1669.97,80,1486.14,743.07,0.9558,0.83819
362,80,4,1,682,6,3,4016.79,79,4334.32,2167.16,0.97124,0.75401
363,64,35,3,593,6,3,4047.2,168,2464.96,1232.48,0.04721,0.7545
364,38,32,3,48,10,5,2852.0,109,4155.67,2077.835,0.33887,0.3291
365,30,57,1,726,7,2,4973.21,191,4725.99,2362.995,0.82157,0.62635
366,65,195,1,647,10,2,1467.02,119,4733.81,2366.905,0.96875,0.66595
367,10,27,3,440,10,5,1406.13,140,4619.48,2309.74,0.49786,0.29478
368,11,112,3,274,7,4,4624.67,92,1347.54,673.77,0.07703,0.77124
369,88,145,2,72,6,2,1695.62,97,1160.27,580.135,0.63133,0.56849
370,53,57,3,414,1,1,2562.38,77,4955.13,2477.565,0.83106,0.77556
371,76,54,2,308,5,1,2276.93,18,1132.16,566.08,0.25801,0.14428
372,69,171,2,358,8,4,4687.96,89,2288.43,1144.215,0.94168,0.56948
373,83,67,2,369,5,5,1576.92,173,4560.9,2280.45,0.46305,0.06337
374,65,94,1,592,3,3,3725.41,98,3639.65,1819.825,0.89244,0.08045
375,32,30,3,529,2,3,4904.66,16,2387.19,1193.595,0.7674,0.64871
376,16,121,3,712,5,5,3812.06,78,1392.27,696.135,0.65389,0.44887
377,5,132,2,299,4,3,3878.2,111,4712.01,2356.005,0.70843,0.24777
378,3,43,1,151,1,4,1780.21,70,2511.79,1255.895,0.00275,0.92702
379,45,83,2,882,10,1,1289.16,194,4589.45,2294.725,0.43269,0.99974
380,8,105,3,957,5,4,3649.66,93,1267.68,633.84,0.13695,0.91994
381,100,191,3,526,3,4,2377.31,43,3362.02,1681.01,0.72553,0.34845
382,30,29,2,367,5,3,2040.64,59,2949.24,1474.62,0.93047,0.79209
383,7,100,1,673,7,5,2074.1,25,4461.16,2230.58,0.50033,0.27337
384,51,138,3,872,3,5,3033.46,62,4830.44,2415.22,0.6512,0.4795
385,23,113,2,530,9,4,3308.17,164,4033.75,2016.875,0.57569,0.17389
386,77,164,2,796,3,4,4534.79,164,4464.77,2232.385,0.47587,0.48361
387,11,50,1,547,5,1,3996.83,1,2578.6,1289.3,0.41666,0.68247
388,14,195,1,663,9,5,2379.59,72,1170.98,585.49,0.64718,0.76021
389,58,76,1,906,4,2,3300.79,114,3845.25,1922.625,0.63911,0.42666
390,65,157,3,729,3,5,3529.69,194,4522.13,2261.065,0.81287,0.34163
391,72,60,2,206,10,3,1132.29,134,2812.93,1406.465,0.62759,0.80831
392,54,15,1,826,9,4,4238.25,164,3240.93,1620.465,0.90591,0.64223
393,36,80,2,639,1,5,4040.07,125,3709.79,1854.895,0.13202,0.54577
394,40,56,2,650,9,3,1798.24,159,1097.46,548.73,0.65097,0.41097
395,42,136,3,825,5,5,2767.16,58,4986.49,2493.245,0.39471,0.20829
396,72,188,2,284,7,4,2664.6,107,1669.8,834.9,0.1864,0.71081
397,81,186,2,50,7,3,3088.83,76,3763.59,1881.795,0.42103,0.4102
398,52,42,1,945,7,4,2185.1,191,4697.68,2348.84,0.52055,0.2261
399,60,147,2,151,5,3,2105.14,143,1554.03,777.015,0.86169,0.13006
400,60,134,3,299,4,5,4865.98,88,2055.28,1027.64,0.24356,0.25751
401,24,78,1,644,7,4,4058.36,61,1283.48,641.74,0.20108,0.21747
402,38,43,1,101,3,5,1462.1,7,1000.37,500.185,0.64633,0.09485
403,10,153,1,58,2,3,4031.38,122,1027.68,513.84,0.39785,0.55675
404,89,101,3,552,9,2,4332.54,68,2026.79,1013.395,0.52176,0.32609
405,31,177,1,324,9,1,4540.99,164,2633.6,1316.8,0.65208,0.12424
406,89,59,1,926,5,3,4610.55,89,2213.64,1106.82,0.97019,0.27303
407,85,115,2,623,5,3,3210.1,197,1450.77,725.385,0.66735,0.84849
408,40,94,1,454,10,1,2095.81,155,1996.52,998.26,0.07665,0.71387
409,2,151,2,863,2,1,2647.55,76,1225.48,612.74,0.62188,0.74635
410,23,126,2,739,7,2,1089.34,96,1379.14,689.57,0.49852,0.32709
411,84,79,2,945,4,2,2875.71,104,4465.17,2232.585,0.77088,0.65699
412,51,35,3,983,4,4,1527.77,152,1456.47,728.235,0.21966,0.21148
413,49,120,2,174,9,5,4536.1,186,1334.94,667.47,0.6589,0.44818
414,37,73,2,39,6,1,1528.28,126,1342.51,671.255,0.01522,0.18031
415,40,49,2,47,5,5,1203.51,158,2869.43,1434.715,0.74956,0.27546
416,5,127,3,619,8,3,4920.68,177,4287.43,2143.715,0.14381,0.37763
417,52,49,1,205,3,3,4758.42,189,1049.62,524.81,0.7791,0.06143
418,43,145,2,685,1,5,1290.98,92,3041.1,1520.55,0.53557,0.83035
419,88,19,3,844,1,1,3593.6,140,2137.99,1068.995,0.4466,0.87102
420,32,72,2,132,8,2,4531.74,2,4969.88,2484.94,0.1558,0.99444
421,57,79,2,961,8,2,2823.67,105,2666.26,1333.13,0.70632,0.49761
422,58,65,2,488,3,5,3570.76,58,3027.6,1513.8,0.22768,0.21808
423,30,59,2,728,7,2,3130.3,32,4317.52,2158.76,0.09942,0.85019
424,50,173,1,299,5,3,3200.51,151,2664.41,1332.205,0.60305,0.64309
425,4,119,3,232,5,3,4139.05,183,1503.04,751.52,0.5638,0.21217
426,9,150,3,306,3,3,4342.25,108,4499.71,2249.855,0.61483,0.65481
427,66,107,2,833,1,1,3086.34,153,4704.41,2352.205,0.56335,0.10624
428,23,53,1,648,9,4,1504.5,101,2071.17,1035.585,0.21128,0.72573
429,94,64,1,231,3,5,1574.82,28,2685.73,1342.865,0.45796,0.64912
430,91,180,2,98,5,5,1556.28,33,3728.72,1864.36,0.81912,0.24445
431,41,95,1,70,6,1,2215.88,68,1274.16,637.08,0.10916,0.66355
432,18,172,2,436,4,3,2348.45,199,1210.18,605.09,0.04849,0.60905
433,65,189,3,489,4,5,2102.13,165,2206.2,1103.1,0.59685,0.72503
434,14,94,2,475,7,5,4244.56,40,4696.0,2348.0,0.83861,0.25976
435,11,42,3,711,8,2,2063.94,110,4977.08,2488.54,0.58248,0.17555
436,5,164,3,953,5,5,4295.48,164,3589.28,1794.64,0.62146,0.80199
437,45,81,3,934,3,4,4268.68,187,3811.05,1905.525,0.00135,0.76238
438,60,16,1,927,7,1,4746.24,53,4749.56,2374.78,0.40594,0.41613
439,55,165,3,71,3,5,1595.58,149,4669.52,2334.76,0.59958,0.93199
440,23,125,3,442,8,3,2602.95,34,1554.09,777.045,0.68676,0.22652
441,78,157,3,775,2,2,3191.54,46,3393.73,1696.865,0.62777,0.81358
442,40,68,3,735,3,3,2738.55,182,2494.7,1247.35,0.19551,0.77415
443,12,44,2,856,8,2,2594.1,70,2815.13,1407.565,0.32569,0.11542
444,41,64,3,638,6,5,3640.98,171,1002.03,501.015,0.94992,0.19488
445,35,45,3,292,7,4,2889.38,64,1070.42,535.21,0.23649,0.13771
446,11,76,3,400,1,3,4282.0,109,4357.83,2178.915,0.31449,0.30682
447,77,110,1,129,1,3,3354.4,186,4542.47,2271.235,0.74652,0.99018
448,20,140,2,740,3,3,3852.56,116,1302.02,651.01,0.9496,0.92315
449,97,69,3,128,8,2,4471.83,112,2612.36,1306.18,0.72743,0.16372
450,87,172,3,514,3,2,4675.67,97,4098.04,2049.02,0.2197,0.87891
451,72,47,2,61,10,1,3973.18,139,1994.43,997.215,0.74804,0.92937
452,94,97,3,11,7,5,4904.54,191,2331.0,1165.5,0.6496,0.2136
453,7,62,3,234,8,4,3842.54,94,4516.36,2258.18,0.37345,0.25444
454,56,162,1,296,9,3,2451.22,181,3498.66,1749.33,0.03119,0.71538
455,25,45,3,419,10,4,3831.18,63,1302.54,651.27,0.75986,0.97633
456,73,195,2,368,3,4,3924.06,161,4086.15,2043.075,0.45108,0.73256
457,10,88,3,734,10,5,3046.85,50,2565.98,1282.99,0.98636,0.01093
458,13,18,2,514,7,3,3523.4,192,4110.5,2055.25,0.27996,0.20556
459,38,104,2,10,6,4,4004.33,161,3973.36,1986.68,0.20166,0.10797
460,19,133,2,967,8,4,3644.53,28,1452.81,726.405,0.59349,0.5828
461,90,46,2,748,1,4,1963.47,40,3334.98,1667.49,0.98621,0.38692
462,97,103,1,774,6,2,1802.8,33,1720.66,860.33,0.71053,0.09072
463,36,28,1,52,8,1,4349.23,90,3947.07,1973.535,0.89359,0.29305
464,6,123,3,916,4,3,3814.44,122,4727.68,2363.84,0.45763,0.47753
465,31,127,2,984,7,2,3998.25,4,4855.9,2427.95,0.3756,0.77354
466,97,175,3,165,8,2,3536.11,38,1384.97,692.485,0.35936,0.0486
467,26,154,3,37,8,5,2494.51,135,3992.01,1996.005,0.29226,0.9574
468,79,107,1,326,2,5,4122.83,170,3785.78,1892.89,0.20043,0.86147
469,21,148,1,486,9,4,3121.53,121,4946.06,2473.03,0.88013,0.60884
470,64,82,1,132,6,3,4602.42,175,3583.21,1791.605,0.31293,0.78345
471,9,94,1,240,10,3,1565.59,84,1139.13,569.565,0.2911,0.32019
472,91,185,3,211,1,1,3565.15,174,1890.78,945.39,0.52539,0.49143
473,4,107,1,804,1,1,2275.93,78,1170.74,585.37,0.49406,0.82433
474,11,167,1,799,1,3,3042.26,178,2671.93,1335.965,0.75689,0.19831
475,58,168,2,351,9,5,2968.09,96,2934.97,1467.485,0.20642,0.01444
476,91,2,2,663,9,5,2688.73,197,1539.5,769.75,0.56492,0.31262
477,65,116,2,784,2,3,2036.54,16,4171.95,2085.975,0.7153,0.45945
478,37,69,3,597,2,5,4216.95,199,3397.13,1698.565,0.09309,0.67266
479,45,107,1,403,9,4,3071.95,171,4037.66,2018.83,0.85043,0.29137
480,42,30,3,238,3,5,1523.15,149,3054.5,1527.25,0.40998,0.6426
481,64,134,1,290,3,4,2534.23,175,3351.32,1675.66,0.96653,0.94918
482,97,185,3,613,1,1,1200.75,17,4855.44,2427.72,0.84111,0.72696
483,23,195,3,147,8,5,3761.55,69,1754.93,877.465,0.40046,0.3015
484,72,2,1,883,8,5,3005.22,176,2958.93,1479.465,0.4004,0.6965
485,50,44,2,140,6,1,4784.53,126,3129.28,1564.64,0.50095,0.28429
486,25,148,3,905,3,5,2099.61,134,3565.8,1782.9,0.06958,0.51394
487,7,20,3,363,2,1,3263.71,76,1154.64,577.32,0.99647,0.1987
488,38,191,3,677,10,2,3843.62,111,3040.82,1520.41,0.88742,0.18848
489,53,166,1,544,5,4,3230.79,102,1126.91,563.455,0.28375,0.51877
490,27,34,2,211,2,1,4806.1,45,2006.47,1003.235,0.20245,0.32157
491,81,141,1,428,8,4,4149.52,177,4210.14,2105.07,0.68209,0.29943
492,98,136,3,248,5,3,2120.75,91,1415.76,707.88,0.27404,0.1809
493,75,143,1,353,2,2,1997.44,115,3807.64,1903.82,0.61898,0.60523
494,41,90,2,664,6,3,4959.11,159,3642.95,1821.475,0.03479,0.28912
495,63,40,2,927,4,5,2639.23,197,3728.73,1864.365,0.04562,0.41085
496,8,104,1,663,3,3,1396.43,21,3974.24,1987.12,0.6404,0.56841
497,65,8,1,315,1,2,1507.67,39,2447.4,1223.7,0.47053,0.11671
498,35,180,1,927,1,1,1431.85,90,2018.07,1009.035,0.54163,0.7583
499,7,10,2,686,8,5,1089.18,113,1533.09,766.545,0.82159,0.90767
500,45,33,3,862,1,4,1635.34,96,2707.33,1353.665,0.84093,0.19884
501,17,17,3,295,8,3,4080.75,158,1075.75,537.875,0.17121,0.64901
502,7,126,2,956,10,5,3339.26,114,4416.41,2208.205,0.13678,0.5739
503,55,74,2,399,10,3,4365.43,103,1332.14,666.07,0.77505,0.43348
504,93,79,1,542,7,4,3587.45,55,3728.36,1864.18,0.69375,0.89714
505,29,37,2,720,8,3,3485.18,129,4329.04,2164.52,0.75668,0.1589
506,26,155,1,724,6,3,4238.84,185,2011.62,1005.81,0.10161,0.83587
507,64,166,2,474,8,2,2210.36,46,4896.4,2448.2,0.95352,0.4591
508,54,85,1,178,10,4,2543.33,106,3107.01,1553.505,0.6814,0.47282
509,29,155,3,905,1,4,1937.08,168,1889.32,944.66,0.15915,0.23978
510,24,174,1,877,8,1,1527.23,71,4460.68,2230.34,0.24283,0.21114
511,11,104,3,314,1,1,3691.04,58,3289.56,1644.78,0.91114,0.87627
512,90,117,2,808,3,5,2511.65,80,3669.2,1834.6,0.51024,0.63588
513,42,146,2,818,1,2,2743.23,19,3412.68,1706.34,0.55439,0.26179
514,73,175,3,841,7,3,1580.71,57,3188.37,1594.185,0.72049,0.21434
515,31,43,3,377,10,4,2001.65,84,3272.33,1636.165,0.5352,0.85238
516,19,67,3,108,7,5,1972.97,194,1214.68,607.34,0.40863,0.3679
517,5,111,1,917,10,1,4680.15,199,1785.4,892.7,0.81133,0.29094
518,29,92,2,614,1,4,1621.19,127,2293.12,1146.56,0.29497,0.04838
519,23,26,1,169,6,1,4780.07,94,2693.81,1346.905,0.779,0.44491
520,60,19,3,792,3,5,2489.91,67,1878.59,939.295,0.20901,0.80854
521,64,132,2,201,9,3,3838.36,47,3548.2,1774.1,0.02203,0.22581
522,60,159,2,568,2,2,2634.03,198,2204.31,1102.155,0.58617,0.85617
523,75,83,3,268,4,4,3593.38,149,3888.66,1944.33,0.99905,0.74558
524,2,143,1,628,10,3,2738.25,174,2920.9,1460.45,0.64316,0.98224
525,17,185,2,352,8,5,3582.23,63,3327.1,1663.55,0.13581,0.37674
526,11,85,1,103,9,2,2723.78,193,2033.02,1016.51,0.00618,0.4595
527,37,78,1,565,3,1,2938.95,159,4071.71,2035.855,0.89999,0.76699
528,95,125,3,219,5,3,4316.57,163,2045.8,1022.9,0.7079,0.04977
529,16,85,3,745,5,3,1141.68,137,2785.06,1392.53,0.38032,0.34106
530,13,191,3,173,9,1,1977.93,30,2562.95,1281.475,0.92322,0.43269
531,43,111,2,769,1,5,4394.71,18,1442.86,721.43,0.60139,0.68415
532,50,174,3,791,1,4,3200.15,24,3581.35,1790.675,0.83179,0.10877
533,45,126,3,450,9,1,3416.69,117,4205.53,2102.765,0.97694,0.68568
534,24,150,1,468,8,2,3205.86,98,3274.31,1637.155,0.95691,0.44601
535,91,146,1,888,7,4,4584.09,173,2951.4,1475.7,0.7073,0.17978
536,35,132,3,147,1,5,4098.29,25,3252.16,1626.08,0.5358,0.89573
537,81,129,3,245,6,5,2390.28,13,4891.04,2445.52,0.30202,0.27765
538,4,174,2,199,3,2,4223.37,13,1310.76,655.38,0.68706,0.05199
539,88,180,1,433,5,5,3572.27,36,1592.71,796.355,0.80957,0.8375
540,34,36,3,209,1,4,4973.58,106,4824.15,2412.075,0.63168,0.65352
541,19,100,1,886,7,5,1078.68,152,1518.05,759.025,0.21633,0.85525
542,71,193,1,856,8,4,1817.93,141,2254.27,1127.135,0.25798,0.68221
543,20,15,3,916,10,2,1549.8,57,4123.59,2061.795,0.00965,0.37204
544,58,13,2,321,5,1,3928.22,9,2386.43,1193.215,0.29286,0.37994
545,38,7,2,65,7,4,3797.39,35,2128.15,1064.075,0.6101,0.2981
546,58,125,2,930,2,2,1073.86,17,4178.85,2089.425,0.70631,0.56717
547,20,124,2,200,3,3,1650.42,20,1948.97,974.485,0.62302,0.35849
548,54,115,2,650,9,4,3820.93,43,2705.92,1352.96,0.25751,0.76889
549,46,175,3,74,8,3,3182.08,52,3204.78,1602.39,0.36693,0.7404
550,62,132,1,411,1,5,4806.44,175,2357.21,1178.605,0.59143,0.91503
551,30,83,1,77,3,4,4723.92,150,4159.32,2079.66,0.30165,0.80402
552,63,45,3,13,3,2,4790.94,31,4555.27,2277.635,0.04816,0.17034
553,79,7,1,997,5,4,4833.52,171,2750.56,1375.28,0.80837,0.41871
554,6,175,3,904,4,2,2362.65,23,1662.0,831.0,0.16944,0.94649
555,53,102,2,372,2,4,2880.91,164,2146.07,1073.035,0.9664,0.44009
556,51,128,2,504,10,1,3441.55,124,4044.11,2022.055,0.11956,0.54769
557,8,100,2,523,8,5,1733.16,117,2471.57,1235.785,0.46794,0.71921
558,32,118,2,665,6,5,1819.39,185,4926.37,2463.185,0.81778,0.13821
559,37,114,2,407,10,1,4889.2,190,1776.19,888.095,0.88631,0.63319
560,5,65,3,236,5,4,1242.63,124,4031.16,2015.58,0.00759,0.52821
561,84,6,1,948,4,2,2517.55,74,4480.34,2240.17,0.85655,0.6937
562,52,11,3,451,5,5,4186.36,191,4305.84,2152.92,0.10601,0.26792
563,66,168,1,936,9,2,2083.51,129,3999.32,1999.66,0.54761,0.61824
564,32,139,1,573,5,4,4500.18,45,3069.64,1534.82,0.20053,0.1474
565,26,93,1,328,10,1,4582.07,26,2711.35,1355.675,0.59651,0.13993
566,81,41,2,818,1,4,3441.95,180,1294.28,647.14,0.67339,0.16122
567,95,35,3,795,2,4,4905.45,26,2277.58,1138.79,0.22824,0.58832
568,29,45,1,254,3,5,3533.55,118,3021.22,1510.61,0.64405,0.38286
569,57,78,3,401,6,2,4494.9,53,2038.34,1019.17,0.46304,0.31561
570,29,12,2,188,8,1,3929.67,40,3011.44,1505.72,0.03778,0.97906
571,46,187,2,240,9,5,1285.72,30,4902.22,2451.11,0.20244,0.52208
572,40,84,1,874,7,2,3072.7,107,2200.79,1100.395,0.72135,0.81936
573,79,77,1,333,3,4,2340.37,124,4530.89,2265.445,0.08212,0.46784
574,6,118,2,158,9,4,1131.79,52,1464.22,732.11,0.45862,0.68564
575,63,102,3,247,1,4,3059.42,57,2166.31,1083.155,0.22081,0.85123
576,100,154,3,316,3,5,2879.06,158,3682.2,1841.1,0.60626,0.59355
577,92,181,2,800,6,4,3066.39,2,2999.59,1499.795,0.12355,0.48101
578,31,88,2,466,9,1,1969.45,86,4104.39,2052.195,0.55145,0.54778
579,46,19,3,199,3,2,3862.74,11,4772.26,2386.13,0.39254,0.93603
580,23,16,2,834,2,4,1525.9,180,2454.24,1227.12,0.30162,0.43747
581,60,97,1,774,5,2,4629.16,110,4926.44,2463.22,0.2705,0.3829
582,57,105,1,137,7,4,4029.78,151,3938.24,1969.12,0.74568,0.58636
583,54,161,2,71,4,4,3555.76,116,2678.01,1339.005,0.82626,0.36172
584,91,40,3,520,10,5,4351.71,117,1304.5,652.25,0.12775,0.20252
585,2,128,3,200,8,1,1652.73,189,4874.65,2437.325,0.93471,0.03693
586,55,139,2,178,6,3,2428.54,29,4669.87,2334.935,0.51256,0.95037
587,5,110,3,422,9,5,2148.0,8,4257.09,2128.545,0.37274,0.4828
588,67,79,3,154,4,1,1579.92,167,3347.83,1673.915,0.70977,0.07249
589,1,137,2,641,10,5,2428.36,115,1440.37,720.185,0.98037,0.43544
590,9,79,2,167,10,3,1045.29,94,4909.93,2454.965,0.83567,0.28278
591,86,68,2,508,9,3,2815.0,92,4102.98,2051.49,0.32263,0.09692
592,76,65,3,432,1,1,4875.11,194,4211.16,2105.58,0.08328,0.88234
593,52,16,3,595,9,3,1705.18,56,1498.22,749.11,0.55973,0.3101
594,93,23,2,63,8,3,4937.02,173,1394.98,697.49,0.67108,0.07755
595,84,151,3,233,4,4,3748.11,51,3874.44,1937.22,0.60159,0.31528
596,42,38,3,684,8,1,4441.79,2,3451.67,1725.835,0.44874,0.83368
597,79,50,2,884,10,5,4736.81,46,4399.68,2199.84,0.01737,0.81222
598,27,16,2,533,6,3,3485.3,67,2773.31,1386.655,0.08037,0.47404
599,7,180,2,780,4,2,2656.45,93,2726.31,1363.155,0.41866,0.50028
600,58,27,1,28,10,3,1458.55,100,1838.29,919.145,0.5103,0.59366
601,23,112,2,296,7,1,3733.21,88,4733.39,2366.695,0.14689,0.10679
602,58,92,3,192,10,5,4883.08,162,1900.68,950.34,0.87105,0.59454
603,81,76,2,675,10,1,2875.19,48,2990.05,1495.025,0.61427,0.25985
604,51,13,1,453,2,5,1236.09,24,3259.61,1629.805,0.19053,0.35569
605,54,80,2,871,10,4,1945.73,7,4686.77,2343.385,0.71118,0.14788
606,85,61,2,244,5,3,1493.92,91,1598.92,799.46,0.48123,0.53994
607,79,195,1,925,9,1,1128.35,109,2671.79,1335.895,0.48032,0.26786
608,62,34,1,782,5,1,1901.22,134,3161.63,1580.815,0.4318,0.70075
609,32,60,1,349,1,3,2324.46,76,1118.27,559.135,0.58944,0.21979
610,92,141,2,596,8,1,1317.55,73,1686.37,843.185,0.87375,0.74773
611,42,1,3,239,10,4,2582.48,37,3435.63,1717.815,0.08818,0.39126
612,97,103,3,686,6,5,4795.34,38,4082.47,2041.235,0.80985,0.13219
613,75,136,3,476,8,2,1141.97,157,3206.78,1603.39,0.2402,0.24427
614,85,3,1,449,7,4,4053.64,159,3691.96,1845.98,0.93828,0.04599
615,83,92,2,105,8,2,2974.32,104,4048.81,2024.405,0.84162,0.53909
616,4,44,2,912,10,2,2170.51,121,2117.21,1058.605,0.64073,0.1374
617,64,181,3,5,5,1,4177.79,140,4654.98,2327.49,0.34676,0.467
618,14,173,3,279,7,4,2695.0,71,1192.35,596.175,0.26655,0.71544
619,42,171,1,167,7,1,2921.57,110,1503.8,751.9,0.30376,0.36639
620,87,26,3,605,2,1,3633.38,147,3535.61,1767.805,0.15974,0.34502
621,9,129,2,66,2,1,2241.81,120,2214.43,1107.215,0.95537,0.74472
622,84,39,3,470,8,4,2753.52,182,3304.21,1652.105,0.158,0.83925
623,15,103,3,594,9,1,3746.13,79,1967.26,983.63,0.23145,0.29246
624,54,99,1,529,8,2,2687.56,83,1701.79,850.895,0.38436,0.90495
625,97,146,3,402,5,4,1380.33,97,3125.71,1562.855,0.33955,0.62454
626,5,165,1,266,1,4,4740.13,199,2659.16,1329.58,0.46825,0.60966
627,37,187,3,584,9,1,4931.47,172,3122.56,1561.28,0.45174,0.49787
628,91,105,2,992,6,2,3871.47,125,1535.21,767.605,0.38095,0.037
629,49,57,3,664,5,4,2295.84,108,2104.68,1052.34,0.21473,0.41925
630,19,189,2,736,4,5,4569.6,14,4921.46,2460.73,0.87836,0.00628
631,50,91,3,162,2,4,4032.27,160,1036.91,518.455,0.65703,0.31441
632,40,36,1,397,1,5,2303.92,174,2753.07,1376.535,0.65383,0.47004
633,64,79,2,598,3,1,2852.57,78,1428.43,714.215,0.84195,0.90646
634,46,43,3,297,5,3,2477.96,79,3609.79,1804.895,0.15755,0.76965
635,4,49,1,107,1,2,3547.8,33,4451.96,2225.98,0.57628,0.11946
636,18,81,3,908,4,4,1273.7,164,1090.04,545.02,0.32944,0.71817
637,4,164,1,633,6,1,1068.18,140,1812.02,906.01,0.91027,0.85157
638,43,185,1,182,2,3,3909.05,163,2575.81,1287.905,0.8266,0.014
639,3,66,2,142,7,4,3624.53,142,4881.65,2440.825,0.50314,0.62046
640,2,180,2,920,4,3,4654.21,5,3668.03,1834.015,0.76034,0.0846
641,58,70,1,850,10,4,4088.15,52,2933.94,1466.97,0.71262,0.42635
642,20,169,2,820,9,3,2169.95,59,2547.28,1273.64,0.39109,0.27049
643,10,87,2,310,10,3,1795.07,83,4793.77,2396.885,0.10725,0.65393
644,20,146,3,999,2,1,3033.79,82,4230.25,2115.125,0.68078,0.72237
645,10,139,1,879,2,2,1677.24,23,1425.81,712.905,0.33042,0.39588
646,20,78,2,816,1,5,3811.1,97,4323.16,2161.58,0.91478,0.95605
647,27,117,2,11,3,1,2596.4,26,4895.7,2447.85,0.91146,0.34862
648,77,41,3,226,1,2,1902.27,132,3083.24,1541.62,0.90529,0.85397
649,91,112,2,266,7,1,2143.78,28,4565.45,2282.725,0.84946,0.30371
650,78,169,1,266,5,3,3996.37,183,3884.34,1942.17,0.35024,0.17111
651,86,27,3,633,1,5,3735.19,119,4415.36,2207.68,0.15606,0.29192
652,14,119,3,658,4,5,3830.33,148,2834.43,1417.215,0.30113,0.79995
653,30,138,2,300,8,5,2091.3,144,3917.95,1958.975,0.77241,0.95392
654,62,145,3,459,5,3,1376.79,65,2381.11,1190.555,0.86374,0.68726
655,86,63,2,403,3,5,1827.21,113,2620.58,1310.29,0.68067,0.42768
656,71,158,1,149,9,5,1642.57,169,4953.38,2476.69,0.88138,0.80982
657,69,134,2,421,10,3,4251.22,24,1812.88,906.44,0.24119,0.59921
658,2,151,1,553,8,5,1407.25,108,2238.61,1119.305,0.15283,0.86304
659,6,75,3,767,4,1,3579.63,35,1756.34,878.17,0.84436,0.65552
660,21,176,2,934,2,1,3658.01,7,4505.67,2252.835,0.732,0.46972
661,92,11,1,55,9,3,3408.58,11,3255.62,1627.81,0.24891,0.66104
662,13,90,3,721,4,3,4740.81,124,4267.2,2133.6,0.75621,0.79139
663,78,104,3,805,10,2,2137.86,111,4158.49,2079.245,0.73205,0.38974
664,76,154,1,303,4,5,4519.64,140,3507.96,1753.98,0.0711,0.40068
665,50,38,3,7,6,3,3620.24,162,3429.03,1714.515,0.30616,0.83193
666,60,133,3,218,8,1,2360.76,27,3491.34,1745.67,0.79046,0.95322
667,26,2,1,488,6,5,1844.28,51,4666.43,2333.215,0.39499,0.32346
668,3,135,3,54,3,2,2422.5,29,1024.12,512.06,0.45881,0.74727
669,69,55,3,666,2,4,4572.69,63,4381.19,2190.595,0.36504,0.77391
670,92,67,1,407,7,2,3589.21,43,2915.75,1457.875,0.72377,0.58672
671,32,88,2,823,2,5,3933.09,119,1701.7,850.85,0.48123,0.34649
672,42,93,1,148,4,3,1457.71,66,4876.56,2438.28,0.0213,0.53557
673,55,3,3,203,6,4,2248.15,125,3790.78,1895.39,0.21388,0.30205
674,43,144,2,458,7,2,1275.1,164,4460.11,2230.055,0.70751,0.48456
675,71,130,1,523,3,1,3880.45,135,3267.82,1633.91,0.84604,0.89124
676,12,127,2,617,3,3,2318.96,89,4187.63,2093.815,0.22617,0.9511
677,24,140,1,182,2,3,1756.88,3,1396.82,698.41,0.32511,0.32356
678,91,97,2,185,4,1,3338.53,39,3604.73,1802.365,0.56352,0.60817
679,36,192,3,208,1,3,1899.65,192,4893.55,2446.775,0.57909,0.6782
680,19,12,3,476,1,1,2127.16,107,1599.34,799.67,0.25015,0.0013
681,49,143,1,530,2,1,1917.77,143,1842.92,921.46,0.67397,0.15821
682,64,53,2,796,10,5,2995.44,136,4696.14,2348.07,0.07786,0.39596
683,26,50,1,173,4,5,4863.29,199,4803.74,2401.87,0.63333,0.98216
684,5,34,3,610,9,2,3964.28,200,4116.11,2058.055,0.71555,0.95192
685,73,174,2,820,8,1,1494.86,37,1413.29,706.645,0.36983,0.00818
686,44,42,2,672,9,5,2182.09,100,4318.07,2159.035,0.55557,0.51604
687,65,193,1,965,7,3,2605.22,118,4683.75,2341.875,0.23485,0.67236
688,92,130,1,714,10,1,1886.4,68,2984.72,1492.36,0.14138,0.58125
689,84,72,3,33,6,1,2031.35,159,4754.33,2377.165,0.01074,0.14179
690,15,49,1,143,10,3,3909.5,81,3980.52,1990.26,0.28725,0.58421
691,6,88,2,392,9,3,3986.14,160,1481.25,740.625,0.78099,0.89049
692,43,144,3,924,5,4,3615.17,169,1288.01,644.005,0.65708,0.93131
693,52,152,3,100,7,5,2115.53,134,1172.24,586.12,0.54431,0.64524
694,8,89,2,575,6,1,4589.72,15,4272.47,2136.235,0.28313,0.81441
695,91,102,1,103,9,3,1030.29,125,3901.87,1950.935,0.0123,0.18754
696,8,48,2,292,4,2,4659.06,198,1288.41,644.205,0.56954,0.71182
697,35,195,1,313,1,2,2712.76,82,1356.9,678.45,0.55698,0.27932
698,75,76,1,844,9,5,4494.35,47,2694.4,1347.2,0.43084,0.47105
699,10,103,3,322,10,1,4413.62,9,1350.52,675.26,0.83202,0.48258
700,35,1,2,625,4,5,1940.62,152,4359.08,2179.54,0.99089,0.09331
701,11,58,2,2,9,2,1495.86,97,1132.46,566.23,0.00246,0.27804
702,72,123,3,373,7,5,3833.57,52,3538.13,1769.065,0.02306,0.82437
703,76,17,2,656,5,2,3591.35,14,4488.57,2244.285,0.43043,0.30528
704,50,47,2,664,8,2,1978.5,119,1844.31,922.155,0.25752,0.04361
705,19,76,1,526,7,3,1178.1,2,1675.22,837.61,0.76623,0.58335
706,78,18,2,137,10,3,3764.32,124,4291.73,2145.865,0.05264,0.58971
707,77,155,2,408,7,2,1296.02,137,2362.01,1181.005,0.6239,0.46598
708,89,5,3,853,6,1,1844.56,102,4176.89,2088.445,0.99694,0.29898
709,67,23,3,294,4,3,2836.73,177,1532.26,766.13,0.70905,0.54079
710,91,170,1,331,9,5,1276.83,166,2409.11,1204.555,0.37219,0.98784
711,89,31,2,579,9,3,1396.35,3,4520.99,2260.495,0.3758,0.93311
712,42,38,3,604,1,5,1015.94,9,1797.3,898.65,0.57844,0.4962
713,98,106,3,682,2,4,4031.79,181,4115.14,2057.57,0.63543,0.86705
714,89,112,3,547,5,5,2202.92,160,1764.56,882.28,0.47286,0.17877
715,6,107,2,483,10,4,1494.27,126,1692.49,846.245,0.47863,0.26064
716,37,164,1,721,5,2,4143.65,84,4463.91,2231.955,0.50457,0.85059
717,44,123,1,840,10,4,1003.44,45,3521.98,1760.99,0.51717,0.81782
718,14,137,1,294,4,2,3522.65,25,1078.25,539.125,0.51723,0.77667
719,63,96,1,604,3,4,1832.95,137,3289.83,1644.915,0.6339,0.19011
720,67,173,3,603,5,5,3441.34,188,3927.35,1963.675,0.31559,0.16491
721,26,58,3,628,6,4,3377.71,159,3945.05,1972.525,0.93348,0.85771
722,2,108,1,989,4,5,1425.23,37,1453.58,726.79,0.11936,0.92398
723,1,87,3,250,2,4,4195.5,130,3613.65,1806.825,0.83225,0.45959
724,65,84,3,958,2,4,2511.05,136,1085.26,542.63,0.04104,0.28071
725,2,88,2,985,9,1,4947.98,33,4617.95,2308.975,0.8927,0.30218
726,88,132,2,558,7,4,3291.32,11,1962.32,981.16,0.03126,0.91699
727,100,190,2,742,1,4,2774.66,147,2014.53,1007.265,0.14906,0.45976
728,37,165,3,667,8,2,2602.11,150,2841.39,1420.695,0.65239,0.19689
729,77,109,3,833,7,2,1384.47,74,4570.99,2285.495,0.83667,0.4998
730,77,116,1,771,7,3,1272.12,98,2512.3,1256.15,0.21865,0.83511
731,91,129,3,814,9,2,3750.84,123,3991.03,1995.515,0.3821,0.58246
732,77,21,2,545,3,2,1382.33,21,1615.07,807.535,0.02312,0.81893
733,92,157,3,628,4,1,4118.87,152,2869.82,1434.91,0.19993,0.87273
734,3,4,3,736,3,2,1606.98,17,1969.06,984.53,0.05434,0.37148
735,87,36,2,939,7,2,4814.4,93,1913.47,956.735,0.37226,0.76968
736,24,39,1,797,6,3,3560.05,193,2227.86,1113.93,0.92054,0.74375
737,8,43,3,691,3,3,3928.63,38,2766.82,1383.41,0.06636,0.71419
738,63,26,3,774,2,4,1352.37,148,1372.4,686.2,0.52532,0.50469
739,57,46,3,421,4,1,2523.29,195,2657.43,1328.715,0.20975,0.08076
740,12,72,3,602,4,3,1906.13,178,4506.37,2253.185,0.91598,0.13345
741,5,109,2,945,5,5,3175.38,61,1172.93,586.465,0.36255,0.98531
742,15,39,2,63,6,4,1497.43,85,2226.09,1113.045,0.92262,0.17037
743,30,166,2,230,8,1,1943.76,127,3394.3,1697.15,0.50921,0.46629
744,51,6,1,536,9,2,4413.99,176,4358.21,2179.105,0.84092,0.19106
745,35,128,1,395,8,3,2273.68,147,3967.53,1983.765,0.09043,0.79254
746,78,172,2,170,4,3,1746.67,142,3888.15,1944.075,0.25392,0.58925
747,15,147,2,582,1,4,4256.31,175,3255.02,1627.51,0.76099,0.6714
748,57,189,2,53,2,1,1216.9,60,1733.21,866.605,0.61043,0.32216
749,60,56,2,691,3,5,4402.73,29,3141.29,1570.645,0.22466,0.77548
750,17,161,2,808,7,5,4879.79,125,4229.81,2114.905,0.47881,0.9605
751,87,177,1,621,3,4,2440.8,25,4120.47,2060.235,0.98224,0.1956
752,98,115,1,424,9,5,4876.89,155,3140.14,1570.07,0.72314,0.47543
753,88,162,2,113,5,1,4529.15,142,3903.23,1951.615,0.47067,0.88253
754,81,40,3,649,5,5,2818.59,19,3064.41,1532.205,0.21487,0.30054
755,72,34,3,920,2,5,2903.58,118,4946.04,2473.02,0.9744,0.75293
756,86,91,1,244,7,1,4684.17,126,1655.1,827.55,0.60354,0.34683
757,53,47,2,705,3,2,2424.29,117,1014.97,507.485,0.87471,0.72943
758,89,46,3,42,6,4,1202.9,176,4476.42,2238.21,0.44003,0.88121
759,16,56,2,696,9,2,3001.22,116,1562.12,781.06,0.074,0.22508
760,1,79,3,798,2,3,4895.07,22,2335.55,1167.775,0.20233,0.03936
761,29,73,2,141,5,5,4411.1,157,4624.1,2312.05,0.71042,0.11093
762,40,128,1,581,7,1,4589.34,159,3588.85,1794.425,0.7428,0.37758
763,11,159,3,757,10,2,4666.81,76,3299.15,1649.575,0.02293,0.5058
764,37,75,1,23,1,4,4726.47,92,2972.94,1486.47,0.8389,0.94649
765,58,128,3,714,9,2,3615.74,173,1490.41,745.205,0.95534,0.1941
766,71,32,1,77,8,3,1595.98,71,4075.78,2037.89,0.45633,0.06927
767,15,156,2,998,4,2,4452.04,42,1389.39,694.695,0.85399,0.71109
768,69,15,1,743,2,2,3919.42,49,4593.08,2296.54,0.89332,0.65002
769,38,24,3,805,2,3,4862.64,60,1765.59,882.795,0.38779,0.9656
770,93,158,2,773,6,2,3336.8,132,2534.5,1267.25,0.1765,0.10616
771,100,75,2,791,9,5,1139.88,190,3417.56,1708.78,0.7644,0.81217
772,31,7,1,875,8,3,4256.85,94,4555.33,2277.665,0.80224,0.49139
773,49,121,2,399,4,3,4265.6,54,3996.17,1998.085,0.05894,0.52828
774,53,83,3,170,9,4,4944.09,173,4022.01,2011.005,0.37901,0.34449
775,53,7,2,199,10,3,4240.11,180,3947.22,1973.61,0.13666,0.53531
776,92,146,2,979,6,4,4715.54,94,1959.28,979.64,0.81661,0.29034
777,10,25,3,83,4,5,3006.87,18,3276.95,1638.475,0.06608,0.41899
778,17,156,3,48,7,3,1256.61,123,3183.68,1591.84,0.85871,0.92768
779,98,124,3,587,7,4,3652.62,76,2405.77,1202.885,0.00708,0.22224
780,50,30,2,55,1,4,2195.93,43,3590.46,1795.23,0.37556,0.23908
781,66,10,3,453,4,3,2903.6,103,1064.1,532.05,0.60646,0.36609
782,19,52,1,970,3,2,3892.43,26,4061.66,2030.83,0.6644,0.79511
783,20,47,1,546,3,2,3191.86,143,1719.71,859.855,0.89147,0.28057
784,6,11,2,209,3,5,4452.4,139,2701.87,1350.935,0.83585,0.16933
785,12,182,1,886,4,2,2548.57,108,1900.81,950.405,0.18098,0.21172
786,30,102,1,482,6,3,2912.21,104,2530.21,1265.105,0.80567,0.65697
787,21,52,2,211,6,5,1573.41,80,1061.83,530.915,0.18859,0.81052
788,73,42,3,30,6,2,4373.99,90,1509.76,754.88,0.92744,0.89143
789,16,118,2,55,5,1,4690.67,194,2060.88,1030.44,0.17212,0.15133
790,57,90,1,176,4,1,3294.1,166,3951.34,1975.67,0.25715,0.82906
791,81,124,3,885,1,3,3767.45,110,1682.14,841.07,0.61539,0.98489
792,8,28,3,718,7,3,1613.26,50,3292.0,1646.0,0.80761,0.7899
793,72,60,1,881,6,3,4177.56,14,1657.08,828.54,0.10178,0.46032
794,34,147,3,63,8,3,3943.97,58,3348.9,1674.45,0.99815,0.33414
795,81,119,3,487,7,1,1891.88,21,1040.59,520.295,0.22433,0.55607
796,24,142,1,915,10,5,1027.76,136,2569.58,1284.79,0.74093,0.02295
797,52,173,2,881,6,2,1609.54,188,4617.87,2308.935,0.45714,0.85133
798,27,175,2,604,10,3,2803.48,94,4961.62,2480.81,0.89056,0.63949
799,64,178,1,533,5,4,1190.2,102,3597.97,1798.985,0.5094,0.15147
800,3,14,3,619,2,2,2262.46,130,3338.63,1669.315,0.6627,0.44598
801,93,62,2,87,5,5,3087.03,32,2588.14,1294.07,0.52297,0.36776
802,73,92,1,78,10,1,4166.65,54,1826.18,913.09,0.7983,0.62187
803,67,109,3,228,4,4,4038.69,108,2524.04,1262.02,0.45866,0.78884
804,67,194,2,895,10,2,4445.29,38,4384.13,2192.065,0.04154,0.64296
805,16,127,3,855,6,2,3390.86,77,3653.19,1826.595,0.80553,0.47635
806,31,118,3,19,10,1,2040.64,174,1192.62,596.31,0.45329,0.21354
807,86,96,1,236,6,5,2100.43,31,2955.95,1477.975,0.93022,0.45606
808,43,70,3,730,8,1,4388.22,133,4386.17,2193.085,0.13874,0.90202
809,20,115,1,807,1,5,1044.39,93,3648.83,1824.415,0.14854,0.91447
810,79,20,2,887,2,4,2827.95,138,3451.41,1725.705,0.45233,0.97051
811,98,107,1,666,4,4,2164.03,82,1724.12,862.06,0.11966,0.4523
812,44,129,3,601,7,1,1470.85,114,2338.51,1169.255,0.43806,0.76398
813,92,32,3,50,3,5,2062.83,36,3455.66,1727.83,0.48244,0.11448
814,87,161,3,702,4,4,1117.44,4,4810.29,2405.145,0.27348,0.816
815,8,80,1,854,2,5,3982.45,112,3199.7,1599.85,0.97506,0.90534
816,20,173,1,403,2,2,3801.07,91,1215.7,607.85,0.41997,0.08836
817,66,177,3,450,3,4,1888.94,3,3365.8,1682.9,0.88938,0.11872
818,64,57,1,506,2,3,3343.35,32,1520.45,760.225,0.5309,0.29115
819,90,29,2,503,4,1,2632.32,138,2317.0,1158.5,0.59217,0.88883
820,46,1,3,974,6,3,1449.0,41,1615.89,807.945,0.06445,0.97223
821,80,186,2,727,7,2,3855.55,80,4251.23,2125.615,0.72166,0.449
822,7,86,2,50,6,5,3682.1,27,2098.42,1049.21,0.04134,0.07008
823,80,52,1,70,6,1,4538.45,175,3724.45,1862.225,0.30153,0.36215
824,36,115,3,644,6,2,4895.5,40,4460.26,2230.13,0.99191,0.58421
825,65,127,2,230,10,1,2562.66,144,3581.75,1790.875,0.78385,0.73478
826,45,81,1,443,5,3,1886.6,126,2392.08,1196.04,0.43976,0.00216
827,40,146,2,87,5,2,2077.5,103,2297.53,1148.765,0.54699,0.31773
828,90,158,1,65,5,5,3626.62,38,3913.93,1956.965,0.36741,0.74017
829,18,36,1,44,3,1,2489.98,122,2392.51,1196.255,0.50654,0.31122
830,76,40,1,656,6,4,3300.96,190,3278.03,1639.015,0.17898,0.99748
831,76,79,2,81,5,4,1956.38,127,1304.94,652.47,0.67077,0.06966
832,84,5,1,313,1,4,2910.64,131,3236.25,1618.125,0.77298,0.99183
833,69,130,3,658,4,3,1894.33,155,2970.32,1485.16,0.63916,0.22808
834,43,45,3,125,10,1,1505.66,179,3552.43,1776.215,0.69554,0.30602
835,73,77,1,998,8,4,4311.03,51,2489.67,1244.835,0.21054,0.61645
836,96,108,2,927,4,3,1774.22,86,3638.91,1819.455,0.67418,0.66661
837,54,31,2,991,2,1,2367.8,170,4796.62,2398.31,0.30362,0.80435
838,3,172,3,236,8,5,3656.69,126,2909.4,1454.7,0.59517,0.48546
839,66,150,2,101,5,2,4847.1,60,1848.82,924.41,0.51605,0.73007
840,17,187,3,979,10,3,3286.39,4,1857.06,928.53,0.62296,0.67225
841,58,107,3,991,3,2,2353.04,174,1449.99,724.995,0.83644,0.61951
842,14,169,3,658,10,4,1240.4,49,4450.65,2225.325,0.11807,0.53785
843,88,80,1,907,4,5,2986.77,150,2967.37,1483.685,0.00837,0.49177
844,67,190,2,641,9,4,4959.52,79,2163.85,1081.925,0.67442,0.27585
845,100,114,3,468,1,3,1157.37,199,4675.65,2337.825,0.54695,0.917
846,93,138,1,984,8,5,1879.98,26,3846.1,1923.05,0.08246,0.59406
847,81,39,1,103,5,4,3623.68,119,3141.92,1570.96,0.27853,0.04626
848,80,20,3,2,2,2,1397.61,199,2051.13,1025.565,0.80631,0.55124
849,97,79,3,633,5,5,3263.99,147,1805.22,902.61,0.12707,0.97415
850,81,50,2,393,9,4,1113.54,115,1040.56,520.28,0.85253,0.89737
851,49,17,2,419,6,1,2198.28,195,2732.83,1366.415,0.9575,0.87212
852,20,45,1,336,1,3,2811.33,64,2682.99,1341.495,0.11071,0.41302
853,58,30,2,593,10,1,1922.21,168,4867.52,2433.76,0.70355,0.43545
854,45,99,2,171,7,4,3907.25,58,1972.18,986.09,0.76827,0.05673
855,86,162,1,793,7,1,1664.3,156,3319.53,1659.765,0.91766,0.42609
856,67,30,2,574,7,4,3211.58,29,1154.14,577.07,0.9603,0.63651
857,15,185,2,163,1,1,3619.02,144,3756.52,1878.26,0.00035,0.5863
858,54,139,3,481,10,5,2699.2,189,2907.51,1453.755,0.79698,0.87721
859,2,179,1,872,2,3,3444.29,160,1744.49,872.245,0.57565,0.13936
860,55,157,3,705,5,3,4001.35,54,1256.42,628.21,0.36041,0.87063
861,31,71,3,176,3,1,2189.25,116,2004.01,1002.005,0.97072,0.82763
862,92,42,3,45,2,2,3698.43,119,1305.72,652.86,0.88922,0.63275
863,53,97,1,134,4,1,4781.2,137,2549.39,1274.695,0.1977,0.02043
864,66,31,1,536,10,4,1380.09,161,1301.71,650.855,0.20807,0.02783
865,94,111,2,754,8,5,2593.65,104,3100.53,1550.265,0.91186,0.21814
866,79,100,3,623,4,3,2633.83,181,4100.2,2050.1,0.12675,0.79633
867,69,29,3,926,3,5,4552.82,156,4047.86,2023.93,0.42267,0.1322
868,23,42,3,287,8,4,2328.59,189,3600.73,1800.365,0.2307,0.77608
869,54,92,1,629,10,1,1199.28,87,2578.95,1289.475,0.31778,0.68632
870,85,46,1,857,6,3,2031.98,100,2331.01,1165.505,0.63906,0.65333
871,76,5,1,26,8,4,3989.6,160,2341.45,1170.725,0.93766,0.94842
872,6,4,1,659,5,4,4014.49,86,1930.02,965.01,0.98182,0.87516
873,40,37,2,63,10,4,2044.3,118,4770.53,2385.265,0.27901,0.94333
874,91,22,1,497,2,2,2503.31,117,4171.71,2085.855,0.14862,0.79617
875,25,175,2,734,7,2,2515.23,32,2569.82,1284.91,0.96967,0.5061
876,24,130,3,198,2,2,2861.57,25,2021.88,1010.94,0.80439,0.14294
877,19,107,2,49,8,1,2588.74,14,4962.35,2481.175,0.82385,0.29538
878,98,2,3,832,1,4,4975.8,182,4931.35,2465.675,0.06779,0.14654
879,49,81,1,825,1,4,1713.58,114,4343.35,2171.675,0.85436,0.83177
880,71,136,2,517,3,5,1314.06,123,3474.39,1737.195,0.35423,0.05397
881,79,151,3,9,2,4,2383.1,8,4830.15,2415.075,0.68163,0.96506
882,52,167,1,70,6,1,1972.69,4,1516.3,758.15,0.85423,0.97931
883,75,115,2,74,2,3,2120.13,53,2315.6,1157.8,0.53521,0.69978
884,12,135,1,129,4,4,1894.68,166,2477.04,1238.52,0.46353,0.4614
885,80,36,2,759,7,3,3191.93,74,4074.98,2037.49,0.5965,0.25064
886,84,135,2,985,5,2,2219.85,77,3157.75,1578.875,0.0986,0.23624
887,90,104,3,760,5,2,2200.63,85,3422.09,1711.045,0.52233,0.11458
888,78,104,3,354,10,1,3785.94,12,2066.68,1033.34,0.15504,0.95411
889,31,28,3,400,5,2,4127.76,128,1788.59,894.295,0.99799,0.64427
890,92,28,1,504,4,2,4583.36,121,2071.25,1035.625,0.09053,0.60914
891,16,2,3,62,5,2,2984.09,64,2631.94,1315.97,0.65739,0.93161
892,44,180,2,458,6,1,1633.67,126,4778.96,2389.48,0.03585,0.75162
893,54,123,2,445,4,3,1533.62,62,2258.04,1129.02,0.15166,0.38071
894,81,68,3,52,8,3,3925.26,22,1907.8,953.9,0.65807,0.1333
895,12,168,2,795,7,5,4544.42,168,4720.96,2360.48,0.06468,0.95162
896,10,46,3,478,3,1,3738.53,83,4473.41,2236.705,0.03536,0.80034
897,44,9,2,914,6,4,1960.78,180,1577.36,788.68,0.99011,0.59878
898,63,100,2,415,8,4,4033.03,109,4551.05,2275.525,0.34264,0.25403
899,36,34,2,301,5,2,2271.36,68,4617.63,2308.815,0.33594,0.27224
900,27,30,2,57,1,3,3577.02,91,2435.85,1217.925,0.65399,0.34863
901,57,6,2,175,1,4,2445.79,64,3151.86,1575.93,0.82786,0.08224
902,34,83,3,204,2,3,2694.39,194,1014.37,507.185,0.25761,0.03776
903,67,12,2,213,1,3,1848.94,113,2704.27,1352.135,0.95035,0.80858
904,81,23,1,928,9,3,1435.59,165,1191.94,595.97,0.0635,0.23891
905,73,32,1,378,3,4,1617.71,94,4178.54,2089.27,0.67768,0.87939
906,58,86,2,263,9,5,4560.92,20,3530.18,1765.09,0.39083,0.1422
907,55,113,2,436,8,4,3684.61,88,3773.79,1886.895,0.20439,0.7564
908,64,23,3,573,10,3,2135.21,60,4243.23,2121.615,0.19316,0.98196
909,24,32,1,373,5,4,1535.8,81,3274.75,1637.375,0.76059,0.40144
910,64,113,1,585,8,4,4618.75,17,1126.93,563.465,0.43658,0.25797
911,78,179,1,105,4,5,3136.16,29,4562.59,2281.295,0.91803,0.03155
912,57,183,2,437,3,3,1714.77,182,2852.31,1426.155,0.39744,0.84263
913,50,59,1,471,3,5,2215.43,28,1959.85,979.925,0.32804,0.32748
914,55,58,1,728,4,1,1881.03,54,4155.54,2077.77,0.21957,0.25757
915,13,116,2,686,9,2,4925.21,94,3709.49,1854.745,0.48351,0.40287
916,2,105,3,325,1,5,3256.61,132,2523.47,1261.735,0.44255,0.06167
917,16,7,2,906,3,3,2674.63,151,2384.0,1192.0,0.45943,0.28894
918,53,182,2,9,2,4,3025.94,24,3967.9,1983.95,0.81846,0.80426
919,38,23,1,926,7,5,2566.07,8,3298.21,1649.105,0.52337,0.73319
920,89,14,2,634,10,4,4831.93,15,1723.53,861.765,0.38476,0.96971
921,88,87,1,652,2,3,3790.32,47,3432.67,1716.335,0.89049,0.85294
922,51,136,2,338,7,5,2557.47,16,2460.57,1230.285,0.55278,0.35443
923,3,106,3,461,9,3,4626.42,93,1996.65,998.325,0.29198,0.12438
924,44,2,3,500,8,2,2296.26,161,2780.67,1390.335,0.86865,0.16906
925,86,56,2,147,3,4,4413.48,1,2338.89,1169.445,0.26244,0.36053
926,46,31,1,746,9,1,3627.87,117,3484.64,1742.32,0.43822,0.041
927,83,58,2,555,9,2,1368.66,2,3849.41,1924.705,0.30069,0.41804
928,51,19,3,607,5,3,4761.68,16,1955.68,977.84,0.23238,0.45832
929,34,20,3,431,1,3,1026.25,33,4114.26,2057.13,0.91339,0.46459
930,8,134,1,641,2,2,3551.56,64,4585.01,2292.505,0.14314,0.21979
931,35,138,3,638,6,2,3346.34,142,3545.97,1772.985,0.73146,0.55839
932,44,117,3,393,4,3,1797.71,21,2479.85,1239.925,0.8559,0.65601
933,100,124,3,112,10,1,4486.77,122,1862.63,931.315,0.03192,0.43378
934,79,195,2,791,9,3,2653.96,89,4340.05,2170.025,0.02861,0.9484
935,38,153,2,612,8,5,4591.95,106,4737.51,2368.755,0.7685,0.36303
936,89,115,1,447,2,5,3062.86,100,1631.99,815.995,0.16458,0.8548
937,15,44,2,191,7,2,3647.26,185,3322.72,1661.36,0.0622,0.54398
938,79,42,3,515,7,4,1689.24,19,3719.32,1859.66,0.57308,0.73974
939,58,24,2,939,3,3,3547.26,190,1062.91,531.455,0.86309,0.65158
940,29,175,1,472,9,3,3691.42,179,2080.09,1040.045,0.29392,0.84085
941,75,44,3,282,6,5,4084.67,79,3256.38,1628.19,0.15762,0.40127
942,86,85,3,635,9,5,2717.01,92,3732.12,1866.06,0.84861,0.59711
943,18,143,3,820,7,3,2570.19,156,4746.21,2373.105,0.28407,0.71282
944,29,57,1,635,9,4,3139.43,4,1644.99,822.495,0.78955,0.82166
945,67,53,2,664,5,2,3410.34,52,1066.31,533.155,0.23349,0.17299
946,85,30,3,971,10,5,2217.82,96,2504.96,1252.48,0.66422,0.38087
947,19,160,3,231,3,3,4494.71,92,2382.0,1191.0,0.36131,0.09737
948,64,158,1,781,9,1,1803.5,74,4550.34,2275.17,0.20156,0.3712
949,62,70,2,317,10,1,3613.36,55,1558.91,779.455,0.13503,0.80135
950,38,3,1,369,2,5,1587.09,29,3726.87,1863.435,0.54178,0.78946
951,86,163,2,810,2,2,3086.89,44,3487.53,1743.765,0.674,0.85606
952,76,143,1,269,5,5,1757.0,85,3278.5,1639.25,0.6481,0.1558
953,15,5,1,581,1,2,2483.67,184,3055.93,1527.965,0.68138,0.23534
954,97,59,2,69,3,1,4022.92,113,3941.69,1970.845,0.22166,0.9785
955,16,23,2,516,1,1,4182.49,12,3365.3,1682.65,0.99276,0.03427
956,55,91,1,832,6,2,2036.27,3,1860.42,930.21,0.12364,0.97182
957,11,159,1,957,1,3,4919.47,34,4398.01,2199.005,0.69242,0.38103
958,57,150,3,219,8,5,1494.86,60,4532.92,2266.46,0.41155,0.88071
959,85,86,3,472,2,3,2605.56,72,1822.3,911.15,0.35966,0.54609
960,94,143,2,625,4,2,3097.0,34,3085.21,1542.605,0.29027,0.42922
961,78,107,1,45,4,1,3911.23,73,2952.95,1476.475,0.86524,0.95109
962,63,42,2,536,9,1,1300.52,66,4567.22,2283.61,0.78836,0.8054
963,34,169,3,952,5,4,3272.04,133,1191.79,595.895,0.13854,0.45137
964,86,15,3,290,8,5,2314.92,137,2064.77,1032.385,0.5085,0.99465
965,93,129,2,541,6,1,4214.02,159,1681.22,840.61,0.79424,0.76788
966,62,108,3,369,8,5,3566.77,69,2901.47,1450.735,0.35684,0.88755
967,79,159,3,886,2,3,4658.37,139,4084.28,2042.14,0.93132,0.86039
968,81,152,2,956,9,4,1018.63,132,4396.53,2198.265,0.25827,0.96995
969,11,54,1,794,2,3,1805.17,96,1419.07,709.535,0.22993,0.12342
970,43,189,1,673,3,5,4167.41,116,2246.58,1123.29,0.64744,0.72692
971,53,41,3,553,9,2,4506.8,156,2176.1,1088.05,0.366,0.12262
972,15,107,1,842,5,1,3899.52,160,4780.96,2390.48,0.75616,0.49702
973,31,76,2,152,9,5,1574.71,123,1520.96,760.48,0.68114,0.10591
974,30,36,3,57,9,4,4425.94,135,1725.23,862.615,0.92881,0.52471
975,31,100,3,651,9,1,1623.74,67,2232.44,1116.22,0.96585,0.28113
976,36,3,3,131,7,5,4440.0,85,4892.6,2446.3,0.68161,0.92301
977,78,128,3,606,3,5,2615.52,24,4619.34,2309.67,0.50037,0.89159
978,78,119,3,917,4,2,1328.56,162,4195.94,2097.97,0.9241,0.25286
979,30,133,2,711,4,2,3180.26,25,3372.04,1686.02,0.77146,0.26039
980,30,41,3,801,7,2,2159.85,81,4130.3,2065.15,0.76305,0.14025
981,65,121,3,758,4,2,3912.88,50,1124.59,562.295,0.28204,0.76164
982,54,19,2,862,9,1,4237.86,156,1504.32,752.16,0.03974,0.54117
983,88,66,2,505,4,5,4000.05,38,3568.67,1784.335,0.13297,0.9347
984,60,14,3,28,8,5,2287.95,51,3659.85,1829.925,0.6521,0.0214
985,42,57,3,981,8,5,3397.83,196,3756.03,1878.015,0.99198,0.73334
986,52,150,3,352,4,2,1725.12,194,4296.42,2148.21,0.46198,0.23365
987,85,162,2,244,2,3,3387.5,20,3212.15,1606.075,0.02752,0.37678
988,87,150,2,741,2,3,4696.51,154,4562.16,2281.08,0.68796,0.44385
989,64,180,2,921,2,5,3909.72,41,3885.64,1942.82,0.27566,0.98282
990,62,45,1,886,2,3,2577.38,107,3206.99,1603.495,0.51185,0.95363
991,43,106,3,666,8,5,2545.5,148,4274.72,2137.36,0.4896,0.52706
992,19,45,2,100,8,5,2328.32,200,1737.47,868.735,0.11789,0.60648
993,21,193,1,295,8,1,2256.32,34,4768.32,2384.16,0.71986,0.37998
994,3,93,1,397,6,3,3799.71,62,2295.63,1147.815,0.02531,0.59008
995,12,171,3,211,1,1,4555.69,124,2082.68,1041.34,0.49007,0.09656
996,54,48,2,238,5,4,1538.5,192,3100.29,1550.145,0.8629,0.38985
997,80,171,3,523,9,5,3714.38,19,4841.9,2420.95,0.14173,0.18276
998,5,99,1,820,5,3,3125.59,47,2520.21,1260.105,0.77806,0.31351
999,38,64,1,517,5,5,4914.13,155,4488.53,2244.265,0.21759,0.54134
1000,77,92,1,138,4,5,3106.67,175,1656.18,828.09,0.48763,0.36641
